1.258925411794167490e-03,1.000021593536556175e+00,9.969009258961167852e-01,9.989283045044980991e-01,9.989385596991681160e-01,1.000973710833211738e+00,9.979045506836153878e-01,9.989166616882333427e-01,9.978976828882869521e-01,9.979084060758025565e-01
1.288249551693133660e-03,1.000021593536556175e+00,9.969002014880494755e-01,9.989236098127218799e-01,9.989349228967753236e-01,1.000967121880472543e+00,9.979005466331378749e-01,9.989106262417225546e-01,9.978930234598312188e-01,9.979047317524931682e-01
1.318256738556407509e-03,1.000021593536556175e+00,9.968994602063505628e-01,9.989188057675264520e-01,9.989312013823724579e-01,1.000960379451308002e+00,9.978964493163434701e-01,9.989044502116027902e-01,9.978882554993443454e-01,9.979009718431992582e-01
1.348962882591653182e-03,1.000021593536556175e+00,9.968987016579827776e-01,9.989138898217433393e-01,9.989273931827633568e-01,1.000953479970793092e+00,9.978922565607806217e-01,9.988981303232610243e-01,9.978833764787907734e-01,9.978971243543671710e-01
1.380384264602885300e-03,1.000021593536556175e+00,9.968979254407537294e-01,9.989088593688730811e-01,9.989234962787901795e-01,1.000946419780731844e+00,9.978879661433948112e-01,9.988916632258090234e-01,9.978783838112490479e-01,9.978931872460073960e-01
1.412537544622753964e-03,1.000021593536556175e+00,9.968971311431028548e-01,9.989037117417030043e-01,9.989195086042628180e-01,1.000939195137717785e+00,9.978835757893498304e-01,9.988850454903059894e-01,9.978732748495408034e-01,9.978891584306130991e-01
1.445439770745927987e-03,1.000021593536556175e+00,9.968963183438828146e-01,9.988984442108929107e-01,9.989154280448634404e-01,1.000931802211149968e+00,9.978790831708220788e-01,9.988782736079409030e-01,9.978680468848269980e-01,9.978850357720527864e-01
1.479108388168207241e-03,1.000021593536556175e+00,9.968954866121367830e-01,9.988930539835282341e-01,9.989112524370254986e-01,1.000924237081200596e+00,9.978744859057656624e-01,9.988713439881722334e-01,9.978626971451713956e-01,9.978808170844385428e-01
1.513561248436208744e-03,1.000021593536556175e+00,9.968946355068697418e-01,9.988875382016393356e-01,9.989069795667864238e-01,1.000916495736737799e+00,9.978697815566497376e-01,9.988642529568236839e-01,9.978572227940712969e-01,9.978765001309662930e-01
1.548816618912481112e-03,1.000021593536556175e+00,9.968937645768142231e-01,9.988818939406853836e-01,9.989026071686137875e-01,1.000908574073198221e+00,9.978649676291662107e-01,9.988569967541367500e-01,9.978516209289532979e-01,9.978720826227300833e-01
1.584893192461114082e-03,1.000021593536556175e+00,9.968928733601916115e-01,9.988761182080045931e-01,9.988981329242043739e-01,1.000900467890410761e+00,9.978600415709069082e-01,9.988495715327766478e-01,9.978458885796344102e-01,9.978675622175086080e-01
1.621810097358929734e-03,1.000021593536556175e+00,9.968919613844671179e-01,9.988702079412270507e-01,9.988935544612543849e-01,1.000892172890370357e+00,9.978550007700105473e-01,9.988419733557926117e-01,9.978400227067469874e-01,9.978629365185232025e-01
1.659586907437561295e-03,1.000021593536556175e+00,9.968910281660990913e-01,9.988641600066511250e-01,9.988888693522023354e-01,1.000883684674958030e+00,9.978498425537779548e-01,9.988341981945308978e-01,9.978340202001276804e-01,9.978582030731670827e-01
1.698243652461744243e-03,1.000021593536556175e+00,9.968900732102827789e-01,9.988579711975817954e-01,9.988840751129411943e-01,1.000874998743609412e+00,9.978445641872544236e-01,9.988262419264978265e-01,9.978278778771680901e-01,9.978533593717048289e-01
1.737800828749376265e-03,1.000021593536556175e+00,9.968890960106880916e-01,9.988516382326305676e-01,9.988791692015021040e-01,1.000866110490929328e+00,9.978391628717802053e-01,9.988181003331748631e-01,9.978215924811272286e-01,9.978484028459417843e-01
1.778279410038922752e-03,1.000021593536556175e+00,9.968880960491907084e-01,9.988451577539756432e-01,9.988741490167055703e-01,1.000857015204247968e+00,9.978336357435062531e-01,9.988097690977815191e-01,9.978151606794049000e-01,9.978433308678623659e-01
1.819700858609984376e-03,1.000021593536556175e+00,9.968870727955979616e-01,9.988385263255813440e-01,9.988690118967834541e-01,1.000847708061123997e+00,9.978279798718762139e-01,9.988012438029865159e-01,9.978085790617745587e-01,9.978381407482367349e-01
1.862087136662867555e-03,1.000021593536556175e+00,9.968860257073671738e-01,9.988317404313766801e-01,9.988637551179665452e-01,1.000838184126787267e+00,9.978221922580718939e-01,9.987925199285656586e-01,9.978018441385757553e-01,9.978328297351947151e-01
1.905460717963248195e-03,1.000021593536556175e+00,9.968849542293183319e-01,9.988247964733907303e-01,9.988583758930412726e-01,1.000828438351521577e+00,9.978162698334238634e-01,9.987835928490051973e-01,9.977949523388627284e-01,9.978273950127668490e-01
1.949844599758045584e-03,1.000021593536556175e+00,9.968838577933395451e-01,9.988176907698450568e-01,9.988528713698713313e-01,1.000818465567987703e+00,9.978102094577843140e-01,9.987744578310494559e-01,9.977879000085122518e-01,9.978218336993915916e-01
1.995262314968880655e-03,1.000021593536556175e+00,9.968827358180859521e-01,9.988104195532014895e-01,9.988472386298856698e-01,1.000808260488484036e+00,9.978040079178617239e-01,9.987651100311909502e-01,9.977806834082852960e-01,9.978161428463866445e-01
2.041737944669529733e-03,1.000021593536556175e+00,9.968815877086714128e-01,9.988029789681648341e-01,9.988414746865310612e-01,1.000797817702142378e+00,9.977976619255175539e-01,9.987555444931025539e-01,9.977732987118450581e-01,9.978103194363866502e-01
2.089296130854040746e-03,1.000021593536556175e+00,9.968804128563530931e-01,9.987953650696382857e-01,9.988355764836882589e-01,1.000787131672058905e+00,9.977911681160227531e-01,9.987457561450092669e-01,9.977657420037275848e-01,9.978043603817424723e-01
2.137962089502232644e-03,1.000021593536556175e+00,9.968792106382089457e-01,9.987875738206321019e-01,9.988295408940522924e-01,1.000776196732359402e+00,9.977845230462735193e-01,9.987357397969994777e-01,9.977580092772663223e-01,9.977982625228845048e-01
2.187761623949552054e-03,1.000021593536556175e+00,9.968779804168067527e-01,9.987796010901229815e-01,9.988233647174734608e-01,1.000765007085193670e+00,9.977777231929658708e-01,9.987254901382727201e-01,9.977500964324672594e-01,9.977920226266471238e-01
2.238721138568339902e-03,1.000021593536556175e+00,9.968767215398669501e-01,9.987714426508637056e-01,9.988170446792613566e-01,1.000753556797662869e+00,9.977707649507275844e-01,9.987150017343243702e-01,9.977419992738353338e-01,9.977856373845549465e-01
2.290867652767774546e-03,1.000021593536556175e+00,9.968754333399162393e-01,9.987630941771417081e-01,9.988105774284478100e-01,1.000741839798673150e+00,9.977636446302066142e-01,9.987042690240638398e-01,9.977337135081498776e-01,9.977791034110679025e-01
2.344228815319922537e-03,1.000021593536556175e+00,9.968741151339340911e-01,9.987545512424857996e-01,9.988039595360110878e-01,1.000729849875716448e+00,9.977563584561147669e-01,9.986932863168660468e-01,9.977252347421883272e-01,9.977724172417870019e-01
2.398832919019489897e-03,1.000021593536556175e+00,9.968727662229902586e-01,9.987458093173188223e-01,9.987971874930569038e-01,1.000717580671576679e+00,9.977489025652259702e-01,9.986820477895543835e-01,9.977165584803966425e-01,9.977655753316165832e-01
2.454708915685031162e-03,1.000021593536556175e+00,9.968713858918740733e-01,9.987368637665564597e-01,9.987902577089584621e-01,1.000705025680959759e+00,9.977412730043282441e-01,9.986705474833126317e-01,9.977076801225061020e-01,9.977585740528853719e-01
2.511886431509579437e-03,1.000021593536556175e+00,9.968699734087159703e-01,9.987277098471492032e-01,9.987831665094525357e-01,1.000692178247043262e+00,9.977334657281274888e-01,9.986587793005264890e-01,9.976985949610936988e-01,9.977514096934226862e-01
2.570395782768864542e-03,1.000021593536556175e+00,9.968685280245984659e-01,9.987183427055679186e-01,9.987759101346911361e-01,1.000679031557947685e+00,9.977254765971024231e-01,9.986467370015494893e-01,9.976892981790865811e-01,9.977440784545904551e-01
2.630267991895381303e-03,1.000021593536556175e+00,9.968670489731599194e-01,9.987087573752300163e-01,9.987684847372485519e-01,1.000665578643124443e+00,9.977173013753100062e-01,9.986344142013954261e-01,9.976797848472079844e-01,9.977365764492686084e-01
2.691534803926916557e-03,1.000021593536556175e+00,9.968655354701876359e-01,9.986989487738665572e-01,9.987608863800806480e-01,1.000651812369660165e+00,9.977089357281395676e-01,9.986218043663523947e-01,9.976700499213634332e-01,9.977288996997947246e-01
2.754228703338165978e-03,1.000021593536556175e+00,9.968639867132023102e-01,9.986889117008272976e-01,9.987531110344378682e-01,1.000637725438494385e+00,9.977003752200140907e-01,9.986089008105191178e-01,9.976600882399663250e-01,9.977210441358546067e-01
2.818382931264454792e-03,1.000021593536556175e+00,9.968624018810324783e-01,9.986786408343231169e-01,9.987451545777290551e-01,1.000623310380549524e+00,9.976916153120389819e-01,9.985956966922594491e-01,9.976498945212012304e-01,9.977130055923242313e-01
2.884031503126605490e-03,1.000021593536556175e+00,9.968607801333790874e-01,9.986681307286048304e-01,9.987370127913355322e-01,1.000608559552771393e+00,9.976826513595949963e-01,9.985821850105750519e-01,9.976394633602236883e-01,9.977047798070615148e-01
2.951209226666386826e-03,1.000021593536556175e+00,9.968591206103701863e-01,9.986573758110751653e-01,9.987286813583743372e-01,1.000593465134075544e+00,9.976734786098758745e-01,9.985683586013934798e-01,9.976287892262940549e-01,9.976963624186461210e-01
3.019951720402016138e-03,1.000021593536556175e+00,9.968574224321046229e-01,9.986463703793344582e-01,9.987201558614096086e-01,1.000578019121201701e+00,9.976640921993684685e-01,9.985542101337695486e-01,9.976178664598450707e-01,9.976877489640674224e-01
3.090295432513592063e-03,1.000021593536556175e+00,9.968556846981858621e-01,9.986351085981572950e-01,9.987114317801097929e-01,1.000562213324469152e+00,9.976544871512734725e-01,9.985397321059984455e-01,9.976066892694815946e-01,9.976789348763576148e-01
3.162277660168379394e-03,1.000021593536556175e+00,9.968539064872443678e-01,9.986235844963979869e-01,9.987025044888516723e-01,1.000546039363435114e+00,9.976446583728674211e-01,9.985249168416383547e-01,9.975952517289092825e-01,9.976699154821708770e-01
3.235936569296284180e-03,1.000021593536556175e+00,9.968520868564491044e-01,9.986117919638253237e-01,9.986933692542671048e-01,1.000529488662451838e+00,9.976346006528017396e-01,9.985097564854397145e-01,9.975835477737927670e-01,9.976606859993050191e-01
3.311311214825910908e-03,1.000021593536556175e+00,9.968502248410077149e-01,9.985997247478826111e-01,9.986840212327339206e-01,1.000512552446118253e+00,9.976243086583402864e-01,9.984942429991813251e-01,9.975715711985398970e-01,9.976512415341659556e-01
3.388441561392027332e-03,1.000021593536556175e+00,9.968483194536551517e-01,9.985873764503719885e-01,9.986744554678074204e-01,1.000495221734628348e+00,9.976137769325312821e-01,9.984783681574072034e-01,9.975593156530122574e-01,9.976415770791732252e-01
3.467368504525316676e-03,1.000021593536556175e+00,9.968463696841295407e-01,9.985747405240628094e-01,9.986646668875921451e-01,1.000477487339009430e+00,9.976029998913142904e-01,9.984621235430661823e-01,9.975467746391571966e-01,9.976316875101051140e-01
3.548133892335756691e-03,1.000021593536556175e+00,9.968443744986374977e-01,9.985618102692196407e-01,9.986546503020535814e-01,1.000459339856250240e+00,9.975919718205594755e-01,9.984455005430487029e-01,9.975339415075631377e-01,9.976215675833809415e-01
3.630780547701014001e-03,1.000021593536556175e+00,9.968423328393052341e-01,9.985485788300502152e-01,9.986444004002653640e-01,1.000440769664315166e+00,9.975806868730375809e-01,9.984284903436201342e-01,9.975208094539340653e-01,9.976112119332817274e-01
3.715352290971727939e-03,1.000021593536556175e+00,9.968402436236178943e-01,9.985350391910703394e-01,9.986339117475939720e-01,1.000421766917042987e+00,9.975691390653201873e-01,9.984110839257475112e-01,9.975073715154810783e-01,9.976006150691046903e-01
3.801893963205612691e-03,1.000021593536556175e+00,9.968381057438455706e-01,9.985211841733842020e-01,9.986231787828168116e-01,1.000402321538925055e+00,9.975573222746069169e-01,9.983932720603179156e-01,9.974936205672314538e-01,9.975897713722521321e-01
3.890451449942804868e-03,1.000021593536556175e+00,9.968359180664563279e-01,9.985070064308780857e-01,9.986121958151740197e-01,1.000382423219764672e+00,9.975452302354785861e-01,9.983750453032441685e-01,9.974795493182504469e-01,9.975786750932524871e-01
3.981071705534973415e-03,1.000021593536556175e+00,9.968336794315144633e-01,9.984924984463252606e-01,9.986009570213505437e-01,1.000362061409209913e+00,9.975328565365763067e-01,9.983563939904587237e-01,9.974651503077754944e-01,9.975673203487118723e-01
4.073802778041130286e-03,1.000021593536556175e+00,9.968313886520662193e-01,9.984776525274001724e-01,9.985894564423893893e-01,1.000341225311158766e+00,9.975201946172009837e-01,9.983373082327885450e-01,9.974504159012607118e-01,9.975557011181942491e-01
4.168693834703355271e-03,1.000021593536556175e+00,9.968290445135099542e-01,9.984624608026001491e-01,9.985776879805313699e-01,1.000319903878036820e+00,9.975072377638354304e-01,9.983177779107123007e-01,9.974353382863286877e-01,9.975438112410298652e-01
4.265795188015925922e-03,1.000021593536556175e+00,9.968266457729524355e-01,9.984469152170717399e-01,9.985656453959820267e-01,1.000298085804937731e+00,9.974939791065843275e-01,9.982977926689946546e-01,9.974199094686284628e-01,9.975316444130484239e-01
4.365158322401660983e-03,1.000021593536556175e+00,9.968241911585495885e-01,9.984310075283394648e-01,9.985533223036037187e-01,1.000275759523630237e+00,9.974804116155323586e-01,9.982773419111958813e-01,9.974041212675966994e-01,9.975191941832368681e-01
4.466835921509634821e-03,1.000021593536556175e+00,9.968216793688324806e-01,9.984147293019364211e-01,9.985407121695297761e-01,1.000252913196424620e+00,9.974665280970159698e-01,9.982564147940535815e-01,9.973879653121201505e-01,9.975064539503183392e-01
4.570881896148752156e-03,1.000021593536556175e+00,9.968191090720167624e-01,9.983980719069314169e-01,9.985278083077002709e-01,1.000229534709895729e+00,9.974523211898099762e-01,9.982350002217332818e-01,9.973714330360973213e-01,9.974934169592527544e-01
4.677351412871981126e-03,1.000021593536556175e+00,9.968164789052972319e-01,9.983810265113531868e-01,9.985146038763166310e-01,1.000205611668460781e+00,9.974377833612240174e-01,9.982130868399452517e-01,9.973545156738967687e-01,9.974800762976548940e-01
4.786300923226385375e-03,1.000021593536556175e+00,9.968137874741245241e-01,9.983635840775072490e-01,9.985010918742148744e-01,1.000181131387806177e+00,9.974229069031091965e-01,9.981906630299243188e-01,9.973372042557091532e-01,9.974664248921294440e-01
4.897788193684460972e-03,1.000021593536556175e+00,9.968110333514663690e-01,9.983457353571845161e-01,9.984872651371523578e-01,1.000156080888163324e+00,9.974076839277702389e-01,9.981677169022697971e-01,9.973194896027911538e-01,9.974524555045205521e-01
5.011872336272724625e-03,1.000021593536556175e+00,9.968082150770504191e-01,9.983274708867569958e-01,9.984731163340101467e-01,1.000130446887425695e+00,9.973921063637841700e-01,9.981442362906407517e-01,9.973013623225995827e-01,9.974381607280738971e-01
5.128613839913647929e-03,1.000021593536556175e+00,9.968053311565902019e-01,9.983087809821606928e-01,9.984586379629055708e-01,1.000104215794106688e+00,9.973761659517205169e-01,9.981202087453063809e-01,9.972828128038104811e-01,9.974235329835097197e-01
5.248074602497728065e-03,1.000021593536556175e+00,9.968023800609929763e-01,9.982896557337610499e-01,9.984438223472147378e-01,1.000077373700133387e+00,9.973598542397617006e-01,9.980956215265440745e-01,9.972638312112233061e-01,9.974085645150043700e-01
5.370317963702526953e-03,1.000021593536556175e+00,9.967993602255487140e-01,9.982700850010980398e-01,9.984286616315019014e-01,1.000049906373472464e+00,9.973431625792220645e-01,9.980704615978848171e-01,9.972444074805465464e-01,9.973932473860777081e-01
5.495408738576248141e-03,1.000021593536556175e+00,9.967962700491008743e-01,9.982500584075101324e-01,9.984131477773550145e-01,1.000021799250583765e+00,9.973260821199624315e-01,9.980447156192016056e-01,9.972245313130611022e-01,9.973775734753851374e-01
5.623413251903490971e-03,1.000021593536556175e+00,9.967931078931968614e-01,9.982295653346323627e-01,9.983972725591231390e-01,9.999930374286983836e-01,9.973086038056969693e-01,9.980183699396356634e-01,9.972041921701598755e-01,9.973615344724118259e-01
5.754399373371572694e-03,1.000021593536556175e+00,9.967898720812197189e-01,9.982085949167662786e-01,9.983810275595556005e-01,9.999636056579179755e-01,9.972907183691923638e-01,9.979914105903588961e-01,9.971833792677600172e-01,9.973451218730660095e-01
5.888436553555889859e-03,1.000021593536556175e+00,9.967865608974992853e-01,9.981871360351187716e-01,9.983644041653385592e-01,9.999334883331280066e-01,9.972724163273533060e-01,9.979638232771675943e-01,9.971620815705851681e-01,9.973283269751703761e-01
6.025595860743580487e-03,1.000021593536556175e+00,9.967831725864019221e-01,9.981651773119066817e-01,9.983473935625283291e-01,9.999026694857240383e-01,9.972536879761949580e-01,9.979355933729030514e-01,9.971402877863144720e-01,9.973111408738477568e-01
6.165950018614822260e-03,1.000021593536556175e+00,9.967797053514003691e-01,9.981427071043241783e-01,9.983299867318782272e-01,9.998711327751454991e-01,9.972345233856976243e-01,9.979067059096963233e-01,9.971179863595950321e-01,9.972935544567995692e-01
6.309573444801936347e-03,1.000021593536556175e+00,9.967761573541206177e-01,9.981197134983700314e-01,9.983121744440560663e-01,9.998388614802109498e-01,9.972149123945417415e-01,9.978771455710321314e-01,9.970951654659150343e-01,9.972755583994749040e-01
6.456542290346555836e-03,1.000021593536556175e+00,9.967725267133676903e-01,9.980961843025298874e-01,9.982939472547511794e-01,9.998058384902525075e-01,9.971948446047202985e-01,9.978468966836276932e-01,9.970718130053348727e-01,9.972571431601259251e-01
6.606934480075964296e-03,1.000021593536556175e+00,9.967688115041276609e-01,9.980721070413126617e-01,9.982752954996665373e-01,9.997720462960438814e-01,9.971743093760254695e-01,9.978159432091223691e-01,9.970479165960706158e-01,9.972382989747489157e-01
6.760829753919818386e-03,1.000021593536556175e+00,9.967650097565475820e-01,9.980474689486357187e-01,9.982562092893946248e-01,9.997374669805163538e-01,9.971532958204071262e-01,9.977842687355744644e-01,9.970234635679298130e-01,9.972190158519074199e-01
6.918309709189362708e-03,1.000021593536556175e+00,9.967611194548903208e-01,9.980222569610562866e-01,9.982366785041741908e-01,9.997020822092592685e-01,9.971317927962000116e-01,9.977518564687585245e-01,9.969984409555933125e-01,9.971992835674343691e-01
7.079457843841380389e-03,1.000021593536556175e+00,9.967571385364667469e-01,9.979964577108447754e-01,9.982166927885244290e-01,9.996658732207983622e-01,9.971097889022160210e-01,9.977186892232620119e-01,9.969728354917407609e-01,9.971790916590114184e-01
7.244359600749906113e-03,1.000021593536556175e+00,9.967530648905409407e-01,9.979700575188972245e-01,9.981962415457542592e-01,9.996288208166488332e-01,9.970872724716992597e-01,9.976847494133720406e-01,9.969466336000163409e-01,9.971584294206213839e-01
7.413102413009176744e-03,1.000021593536556175e+00,9.967488963572120886e-01,9.979430423874824374e-01,9.981753139323441548e-01,9.995909053511353726e-01,9.970642315661403243e-01,9.976500190437523896e-01,9.969198213878303072e-01,9.971372858968721165e-01
7.585775750291835935e-03,1.000021593536556175e+00,9.967446307262686211e-01,9.979153979928201412e-01,9.981538988521964084e-01,9.995521067209763855e-01,9.970406539689460335e-01,9.976144796999012465e-01,9.968923846389927679e-01,9.971156498771873711e-01
7.762471166286919952e-03,1.000021593536556175e+00,9.967402657360164842e-01,9.978871096774862837e-01,9.981319849507521713e-01,9.995124043546246284e-01,9.970165271789623862e-01,9.975781125383880177e-01,9.968643088061763802e-01,9.970935098898630056e-01
7.943282347242820729e-03,1.000021593536556175e+00,9.967357990720800975e-01,9.978581624426418051e-01,9.981095606089706029e-01,9.994717772013599344e-01,9.969918384038458647e-01,9.975408982768625421e-01,9.968355790032028541e-01,9.970708541959849569e-01
8.128305161640994592e-03,1.000021593536556175e+00,9.967312283661750039e-01,9.978285409400795558e-01,9.980866139371691315e-01,9.994302037201279187e-01,9.969665745532810819e-01,9.975028171838304925e-01,9.968061799971504877e-01,9.970476707832042207e-01
8.317637711026708985e-03,1.000021593536556175e+00,9.967265511948526502e-01,9.977982294640868055e-01,9.980631327687184973e-01,9.993876618681183377e-01,9.969407222320401107e-01,9.974638490681925207e-01,9.967760962002770730e-01,9.970239473593685009e-01
8.511380382023767469e-03,1.000021593536556175e+00,9.967217650782148608e-01,9.977672119431176823e-01,9.980391046535923572e-01,9.993441290890783257e-01,9.969142677328800550e-01,9.974239732685377113e-01,9.967453116617552844e-01,9.969996713460045346e-01
8.709635899560804612e-03,1.000021593536556175e+00,9.967168674785991112e-01,9.977354719312719888e-01,9.980145168517661203e-01,9.992995823013522960e-01,9.968871970292751961e-01,9.973831686421893439e-01,9.967138100592154437e-01,9.969748298716486490e-01
8.912509381337458889e-03,1.000021593536556175e+00,9.967118557992332706e-01,9.977029925995755111e-01,9.979893563264616851e-01,9.992539978856435079e-01,9.968594957679803858e-01,9.973414135539945269e-01,9.966815746900906658e-01,9.969494097650223319e-01
9.120108393559096804e-03,1.000021593536556175e+00,9.967067273828587037e-01,9.976697567270564893e-01,9.979636097372356351e-01,9.992073516724915283e-01,9.968311492614199132e-01,9.972986858648525965e-01,9.966485884627618308e-01,9.969233975480487064e-01
9.332543007969915094e-03,1.000021593536556175e+00,9.967014795103210645e-01,9.976357466916154770e-01,9.979372634329054526e-01,9.991596189294567054e-01,9.968021424799010655e-01,9.972549629199773946e-01,9.966148338874943891e-01,9.968967794287058037e-01
9.549925860214358853e-03,1.000021593536556175e+00,9.966961093991290044e-01,9.976009444606813714e-01,9.979103034443118636e-01,9.991107743480067693e-01,9.967724600436441706e-01,9.972102215368846556e-01,9.965802930671657789e-01,9.968695412937145228e-01
9.772372209558111839e-03,1.000021593536556175e+00,9.966906142019782422e-01,9.975653315816508382e-01,9.978827154769119856e-01,9.990607920300982325e-01,9.967420862146286753e-01,9.971644379931009494e-01,9.965449476877759061e-01,9.968416687010551724e-01
1.000000000000000021e-02,1.000021593536556175e+00,9.966849910052427708e-01,9.975288891721039164e-01,9.978544849032005004e-01,9.990096454744443744e-01,9.967110048882483753e-01,9.971175880135852987e-01,9.965087790087366892e-01,9.968131468723102628e-01
1.023292992280754737e-02,1.000021593536556175e+00,9.966792368274292047e-01,9.974915979097928043e-01,9.978255967549535255e-01,9.989573075624645915e-01,9.966791995847725794e-01,9.970696467578583633e-01,9.964717678529358968e-01,9.967839606848284406e-01
1.047128548050899575e-02,1.000021593536556175e+00,9.966733486175961554e-01,9.974534380223964991e-01,9.977960357152924065e-01,9.989037505439050113e-01,9.966466534406084321e-01,9.970205888068319755e-01,9.964338945965687255e-01,9.967540946637069021e-01
1.071519305237607009e-02,1.000021593536556175e+00,9.966673232537369698e-01,9.974143892770376274e-01,9.977657861105626580e-01,9.988489460221254834e-01,9.966133491993596216e-01,9.969703881493309217e-01,9.963951391587333450e-01,9.967235329735859573e-01
1.096478196143185063e-02,1.000021593536556175e+00,9.966611575411238322e-01,9.973744309695544707e-01,9.977348319020233891e-01,9.987928649390432900e-01,9.965792692026763655e-01,9.969190181683023066e-01,9.963554809907835264e-01,9.966922594102529676e-01
1.122018454301964077e-02,1.000021593536556175e+00,9.966548482106144524e-01,9.973335419135236357e-01,9.977031566773435500e-01,9.987354775597258039e-01,9.965443953808934552e-01,9.968664516267019549e-01,9.963148990654339121e-01,9.966602573920505526e-01
1.148153621496882971e-02,1.000021593536556175e+00,9.966483919169182304e-01,9.972917004290262621e-01,9.976707436418997821e-01,9.986767534566247662e-01,9.965087092434490312e-01,9.968126606530540723e-01,9.962733718656103798e-01,9.966275099510852886e-01
1.174897554939529666e-02,1.000021593536556175e+00,9.966417852368227859e-01,9.972488843311535511e-01,9.976375756098716518e-01,9.986166614934435248e-01,9.964721918690805369e-01,9.967576167266721798e-01,9.962308773730418343e-01,9.965939997242303505e-01
1.202264434617413176e-02,1.000021593536556175e+00,9.966350246673788549e-01,9.972050709182435080e-01,9.976036349951294957e-01,9.985551698086277961e-01,9.964348238957927428e-01,9.967012906625378754e-01,9.961873930565859903e-01,9.965597089439199863e-01
1.230268770812381791e-02,1.000021593536556175e+00,9.966281066240431086e-01,9.971602369598447924e-01,9.975689038019102117e-01,9.984922457984722888e-01,9.963965855105916258e-01,9.966436525958265458e-01,9.961428958602824846e-01,9.965246194287286086e-01
1.258925411794167490e-02,1.000021593536556175e+00,9.966210274387773405e-01,9.971143586843992379e-01,9.975333636152752259e-01,9.984278560998339769e-01,9.963574564389792165e-01,9.965846719660722552e-01,9.960973621911290987e-01,9.964887125737306173e-01
1.288249551693134223e-02,1.000021593536556175e+00,9.966137833581036887e-01,9.970674117666378233e-01,9.974969955913474129e-01,9.983619665724423609e-01,9.963174159342037539e-01,9.965243175009643739e-01,9.960507679065715436e-01,9.964519693406364009e-01
1.318256738556407466e-02,1.000021593536556175e+00,9.966063705411150053e-01,9.970193713146834336e-01,9.974597804473189777e-01,9.982945422807978364e-01,9.962764427662595956e-01,9.964625571997666187e-01,9.960030883017034764e-01,9.964143702476974118e-01
1.348962882591654006e-02,1.000021593536556175e+00,9.965987850574372642e-01,9.969702118568524174e-01,9.974216984512278561e-01,9.982255474756484004e-01,9.962345152106308888e-01,9.963993583163498480e-01,9.959542980961673120e-01,9.963758953593767620e-01
1.380384264602885214e-02,1.000021593536556175e+00,9.965910228851468933e-01,9.969199073281497236e-01,9.973827294114958608e-01,9.981549455750352573e-01,9.961916110367725619e-01,9.963346873418293947e-01,9.959043714207501674e-01,9.963365242757794560e-01
1.412537544622754701e-02,1.000021593536556175e+00,9.965830799086372593e-01,9.968684310564481788e-01,9.973428526662221349e-01,9.980826991448962238e-01,9.961477074963236422e-01,9.962685099867987226e-01,9.958532818036679446e-01,9.962962361218358209e-01
1.445439770745927943e-02,1.000021593536556175e+00,9.965749519164370795e-01,9.968157557483472431e-01,9.973020470722285813e-01,9.980087698792174944e-01,9.961027813110460150e-01,9.962007911631481916e-01,9.958010021565294467e-01,9.962550095362333602e-01
1.479108388168207978e-02,1.000021593536556175e+00,9.965666345989772079e-01,9.967618534747013648e-01,9.972602909938491633e-01,9.979331185797241099e-01,9.960568086604815186e-01,9.961314949654610507e-01,9.957475047599736451e-01,9.962128226600908132e-01
1.513561248436208657e-02,1.000021593536556175e+00,9.965581235463061294e-01,9.967066956558116031e-01,9.972175622914584148e-01,9.978557051350954721e-01,9.960097651693222698e-01,9.960605846519761108e-01,9.956927612489727686e-01,9.961696531253677600e-01
1.548816618912481936e-02,1.000021593536556175e+00,9.965494142457508309e-01,9.966502530462720832e-01,9.971738383097326075e-01,9.977764884996987993e-01,9.959616258944866685e-01,9.959880226251065505e-01,9.956367425977928898e-01,9.961254780430057743e-01
1.584893192461114125e-02,1.000021593536556175e+00,9.965405020795248259e-01,9.965924957194643996e-01,9.971290958656380266e-01,9.976954266718252029e-01,9.959123653118938657e-01,9.959137704115053058e-01,9.955794191046033470e-01,9.960802739907912429e-01
1.621810097358930558e-02,1.000021593536556175e+00,9.965313823222797796e-01,9.965333930516890870e-01,9.970833112361384698e-01,9.976124766714207226e-01,9.958619573029309224e-01,9.958377886416657221e-01,9.955207603757295631e-01,9.960340170009375216e-01
1.659586907437561251e-02,1.000021593536556175e+00,9.965220501385997354e-01,9.964729137059296082e-01,9.970364601456175313e-01,9.975275945172972225e-01,9.958103751406044424e-01,9.957600370290478065e-01,9.954607353095368261e-01,9.959866825473761009e-01
1.698243652461745024e-02,1.000021593536556175e+00,9.965125005804371661e-01,9.964110256152362011e-01,9.969885177530066755e-01,9.974407352038128227e-01,9.957575914753689084e-01,9.956804743487173148e-01,9.953993120799405903e-01,9.959382455327532302e-01
1.737800828749376178e-02,1.000021593536556175e+00,9.965027285844899607e-01,9.963476959657239229e-01,9.969394586386147727e-01,9.973518526770099868e-01,9.957035783206266144e-01,9.955990584154881251e-01,9.953364581195316418e-01,9.958886802751227840e-01
1.778279410038923619e-02,1.000021593536556175e+00,9.964927289695166834e-01,9.962828911791744568e-01,9.968892567906501023e-01,9.972608998101964994e-01,9.956483070378878697e-01,9.955157460615546849e-01,9.952721401023079117e-01,9.958379604943288221e-01
1.819700858609983596e-02,1.000021593536556175e+00,9.964824964335889934e-01,9.962165768952321310e-01,9.968378855914282743e-01,9.971678283789583430e-01,9.955917483215868113e-01,9.954304931136042089e-01,9.952063239260056093e-01,9.957860592980725123e-01
1.862087136662867598e-02,1.000021593536556175e+00,9.964720255512810043e-01,9.961487179531859359e-01,9.967853178032595185e-01,9.970725890355907062e-01,9.955338721835436111e-01,9.953432543693951917e-01,9.951389746940166869e-01,9.957329491676523148e-01
1.905460717963247327e-02,1.000021593536556175e+00,9.964613107707921413e-01,9.960792783733263267e-01,9.967315255540066810e-01,9.969751312829333578e-01,9.954746479370637502e-01,9.952539835737906904e-01,9.950700566968869731e-01,9.956786019433742085e-01
1.949844599758045541e-02,1.000021593536556175e+00,9.964503464110040509e-01,9.960082213378691485e-01,9.966764803223073788e-01,9.968754034475955095e-01,9.954140441806678119e-01,9.951626333942332758e-01,9.949995333933820962e-01,9.956229888096205238e-01
1.995262314968879874e-02,1.000021593536556175e+00,9.964391266584681217e-01,9.959355091714335861e-01,9.966201529224508748e-01,9.967733526525590637e-01,9.953520287814420220e-01,9.950691553956486635e-01,9.949273673911129823e-01,9.955660802795716080e-01
2.041737944669529473e-02,1.000021593536556175e+00,9.964276455643229502e-01,9.958716183649949372e-01,9.965625134889043446e-01,9.966689247891415970e-01,9.952885688580006551e-01,9.949735000147644781e-01,9.948535204267101584e-01,9.955078461795715539e-01
2.089296130854039618e-02,1.000021593536556175e+00,9.964158970411405303e-01,9.958482016000971271e-01,9.965035314604772099e-01,9.965620644883075308e-01,9.952236307630524248e-01,9.948756165338318302e-01,9.947779533455355372e-01,9.954482556331297749e-01
2.137962089502232557e-02,1.000021593536556175e+00,9.964038748596982797e-01,9.958242393886752586e-01,9.964431755641172117e-01,9.964527150913111697e-01,9.951571800655598654e-01,9.947754530537333828e-01,9.947006260809224676e-01,9.953872770445496565e-01
2.187761623949553008e-02,1.000021593536556175e+00,9.963915726456764599e-01,9.957997190256476783e-01,9.963814137983291186e-01,9.963408186196545113e-01,9.950891815324836021e-01,9.946729564664662515e-01,9.946214976329316171e-01,9.953248780821765118e-01
2.238721138568339902e-02,1.000021593536556175e+00,9.963789838762784346e-01,9.957746275099934596e-01,9.963182134162072989e-01,9.962263157443475015e-01,9.950195991101012938e-01,9.945772455211118190e-01,9.945405260466125830e-01,9.952610256612544060e-01
2.290867652767773419e-02,9.999287495811491899e-01,9.963661018767719924e-01,9.957489515378588063e-01,9.962535409080726101e-01,9.961091457544496430e-01,9.949483959048915915e-01,9.945224962138724534e-01,9.944576683897583536e-01,9.951956859263847432e-01
2.344228815319922624e-02,9.998014706172431154e-01,9.963529198169503998e-01,9.957226774955033610e-01,9.961873619837051663e-01,9.959892465248816329e-01,9.948755341639724525e-01,9.944664716314421948e-01,9.943728807301427386e-01,9.951288242335750711e-01
2.398832919019491111e-02,9.996712269454134381e-01,9.963394307075111866e-01,9.956957914520822017e-01,9.961196415541633264e-01,9.958665544834849337e-01,9.948009752550845963e-01,9.944091420688458971e-01,9.942861181122261138e-01,9.950604051318708843e-01
2.454708915685031162e-02,9.995379495087410859e-01,9.963256273963499998e-01,9.956682791522590836e-01,9.960503437131787985e-01,9.957410045773149587e-01,9.947246796461075569e-01,9.943504771291905575e-01,9.941973345333201539e-01,9.949903923445588827e-01
2.511886431509580825e-02,9.995678695486162058e-01,9.963115025647684142e-01,9.956401260086485960e-01,9.959794317181193124e-01,9.956125302381497733e-01,9.946466068840995600e-01,9.942904457075486535e-01,9.941064829191961216e-01,9.949187487499324689e-01
2.570395782768864629e-02,9.996881410926421463e-01,9.962970487235939254e-01,9.956113170940813495e-01,9.959068679705060934e-01,9.954810633471941062e-01,9.945740516315126900e-01,9.942290159744658906e-01,9.940135150991254998e-01,9.948454363616094920e-01
2.630267991895382865e-02,9.998112141208145287e-01,9.962822582092084600e-01,9.955818371336894179e-01,9.958326139960800294e-01,9.953465341989621296e-01,9.945221640689857479e-01,9.941661553590845912e-01,9.939183817803396437e-01,9.947704163083912476e-01
2.691534803926916644e-02,9.999371538880822419e-01,9.962671231794856253e-01,9.955516704968077057e-01,9.957566304244007682e-01,9.952088714643190226e-01,9.944690678898653324e-01,9.941018305318743975e-01,9.938210325218936880e-01,9.946936488136524090e-01
2.754228703338167453e-02,1.000021593536556175e+00,9.962516356096322578e-01,9.955208011886859110e-01,9.956788769679728590e-01,9.950680021526604468e-01,9.944147349418546167e-01,9.940360073869606294e-01,9.937214157079221621e-01,9.946150931742512302e-01
2.818382931264454966e-02,1.000021593536556175e+00,9.962357872879338272e-01,9.954892128420083086e-01,9.955993124008847284e-01,9.949238515732128363e-01,9.943591364169053204e-01,9.939686510240404171e-01,9.936194785202718815e-01,9.945347077389478097e-01
2.884031503126607138e-02,1.000021593536556175e+00,9.962195698114003628e-01,9.954568887082154705e-01,9.955178945369494992e-01,9.947763432954308538e-01,9.943022428359434839e-01,9.938997257298786137e-01,9.935154531954593082e-01,9.944524498863204220e-01
2.951209226666387173e-02,1.000021593536556175e+00,9.962029745813113513e-01,9.954238116486237020e-01,9.954345802073381044e-01,9.946253991084731405e-01,9.942440240332395263e-01,9.938291949593720531e-01,9.934120663224225156e-01,9.943682760021668177e-01
3.019951720402017786e-02,1.000021593536556175e+00,9.961859927986558283e-01,9.953899641253380892e-01,9.953493252376901523e-01,9.945437258329127284e-01,9.941844491404135953e-01,9.937570213161724952e-01,9.933062712597502397e-01,9.942821414563792759e-01
3.090295432513592150e-02,1.000021593536556175e+00,9.961686154594681097e-01,9.953553281919539364e-01,9.952620844246923282e-01,9.944849660851690087e-01,9.941234865700688816e-01,9.936831665328590413e-01,9.931980119134996565e-01,9.941940005792816448e-01
3.162277660168381216e-02,1.000021593536556175e+00,9.961508333500527224e-01,9.953198854840408227e-01,9.951728115121107887e-01,9.944248376470746775e-01,9.940611039990436826e-01,9.936075914506479201e-01,9.930872308831326656e-01,9.941038066374142668e-01
3.235936569296282705e-02,1.000021593536556175e+00,9.961326370421000886e-01,9.952836172094059464e-01,9.950814591662656694e-01,9.943633086377359209e-01,9.939972683512732221e-01,9.935302559986302073e-01,9.929738694310803471e-01,9.940115118087550217e-01
3.311311214825911342e-02,1.000021593536556175e+00,9.961140168876867484e-01,9.952465041381298727e-01,9.949879789509338268e-01,9.943003464336577224e-01,9.939319457802520130e-01,9.934272250890736622e-01,9.928578674516005398e-01,9.939170671573643867e-01
3.388441561392025597e-02,1.000021593536556175e+00,9.960949630141603395e-01,9.952085265923710233e-01,9.948923213016679368e-01,9.942359176514458108e-01,9.938651016510882119e-01,9.933197958806708749e-01,9.927391634389081121e-01,9.938204226074378589e-01
3.467368504525316503e-02,1.000021593536556175e+00,9.960754653189050067e-01,9.951696644359320221e-01,9.947944354995161831e-01,9.941699881301072628e-01,9.937967005221398642e-01,9.932098643245460545e-01,9.926176944545643810e-01,9.936164707446978328e-01
3.548133892335755130e-02,1.000021593536556175e+00,9.960555134639845765e-01,9.951298970635831243e-01,9.946942696441303244e-01,9.941025229129371032e-01,9.937267061262228252e-01,9.930973721335329962e-01,9.924933960941060285e-01,9.934008375411625957e-01
3.630780547701013827e-02,1.000021593536556175e+00,9.960350968706614960e-01,9.950892033901369560e-01,9.945917706262482616e-01,9.940334862289841311e-01,9.936550813513820302e-01,9.929822596627829734e-01,9.923662024528968617e-01,9.931801815950820345e-01
3.715352290971726118e-02,1.000021593536556175e+00,9.960142047137877652e-01,9.950475618392694566e-01,9.945215579755447566e-01,9.939628414740847573e-01,9.935817882212137908e-01,9.928644658781404786e-01,9.922360460911849867e-01,9.929543859117526683e-01
3.801893963205612431e-02,1.000021593536556175e+00,9.959928259160651942e-01,9.950049503320789190e-01,9.944514759432451223e-01,9.938905511914548629e-01,9.934970742972218938e-01,9.927439283237814438e-01,9.921028579983444118e-01,9.927233307713145827e-01
3.890451449942806950e-02,1.000021593536556175e+00,9.959709491421724348e-01,9.949613462753804649e-01,9.943797614907080584e-01,9.938165770518296860e-01,9.933777002257324629e-01,9.926205830890992843e-01,9.919665675562854279e-01,9.924868936652736506e-01
3.981071705534973415e-02,1.000021593536556175e+00,9.959485627927541218e-01,9.949167265497258494e-01,9.943063765939815779e-01,9.937408798331412996e-01,9.932555455749172424e-01,9.924943647748176723e-01,9.918271025020115594e-01,9.922449492315469355e-01
4.073802778041128031e-02,1.000021593536556175e+00,9.959256549982716811e-01,9.948710674971459333e-01,9.942312823434221736e-01,9.936634193997222475e-01,9.931305455767635015e-01,9.923607639523152057e-01,9.916843888893051018e-01,9.919973691879930833e-01
4.168693834703354750e-02,1.000021593536556175e+00,9.959022136127091418e-01,9.948243449086068280e-01,9.941544389230642098e-01,9.935841546810255664e-01,9.930026339546177416e-01,9.922225157934638773e-01,9.915383510495195951e-01,9.917424071590539292e-01
4.265795188015927830e-02,1.000021593536556175e+00,9.958782262071337321e-01,9.947765340111734966e-01,9.940758055895090317e-01,9.934929199024010726e-01,9.928717428880446949e-01,9.920810474213156427e-01,9.913856376414207361e-01,9.914342156796709382e-01
4.365158322401661156e-02,1.000021593536556175e+00,9.958246047535342926e-01,9.947276094548752612e-01,9.939953406503222455e-01,9.933703456308595747e-01,9.927378029768684220e-01,9.919362838274670136e-01,9.911842216457065202e-01,9.911188454985376817e-01
4.466835921509632740e-02,1.000021593536556175e+00,9.957671845137576749e-01,9.946775452992648869e-01,9.939130014419281789e-01,9.932449162377573471e-01,9.926007432043749690e-01,9.917881482563443152e-01,9.909781140687590195e-01,9.907961294022097354e-01
4.570881896148751983e-02,1.000021593536556175e+00,9.957084267847791104e-01,9.946263149996643627e-01,9.938287443069885319e-01,9.931165652187697868e-01,9.924600274241761610e-01,9.916365621645069073e-01,9.907672056296126240e-01,9.904658962823410517e-01
4.677351412871983555e-02,1.000021593536556175e+00,9.956483004124730973e-01,9.945669932857020834e-01,9.937425245712552258e-01,9.929852245204877637e-01,9.922639252507401419e-01,9.914814451790024963e-01,9.905513845018212304e-01,9.901279710449605309e-01
4.786300923226385201e-02,1.000021593536556175e+00,9.955867735170411681e-01,9.944846762778082327e-01,9.936542965198830180e-01,9.928508245043344838e-01,9.920632552708920082e-01,9.912740055706587006e-01,9.903305362541662271e-01,9.897821745176341723e-01
4.897788193684463748e-02,1.000021593536556175e+00,9.955238134761087432e-01,9.944004418604848183e-01,9.935640133731911128e-01,9.927132939096423581e-01,9.918579110867522530e-01,9.910081836163879832e-01,9.901045437899833601e-01,9.894283233544660661e-01
5.011872336272724798e-02,1.000021593536556175e+00,9.954593869074289669e-01,9.943142453715290152e-01,9.934517629647721115e-01,9.925725598158697816e-01,9.916477838221166019e-01,9.907361698733884170e-01,9.898170262752562509e-01,9.890662299388858214e-01
5.128613839913651051e-02,1.000021593536556175e+00,9.953934596511823107e-01,9.942260411084212768e-01,9.933215562891810624e-01,9.924128219174634946e-01,9.914327620647276351e-01,9.904578201163728446e-01,9.895130727245977642e-01,9.886957022841715848e-01
5.248074602497728586e-02,1.000021593536556175e+00,9.953259967518647278e-01,9.941357823040939401e-01,9.931883167105004517e-01,9.921956701947139967e-01,9.911822213033945062e-01,9.901729867606158253e-01,9.892020391862300643e-01,9.882908474597789095e-01
5.370317963702529729e-02,1.000021593536556175e+00,9.952569624397540338e-01,9.940434211021340616e-01,9.930519735833422956e-01,9.919734603585627086e-01,9.909202321918029188e-01,9.898815187837017859e-01,9.888837607460541079e-01,9.878628658814749830e-01
5.495408738576248314e-02,1.000021593536556175e+00,9.951863201119444113e-01,9.939489085314099359e-01,9.929124546167755749e-01,9.917460745904133068e-01,9.906521405698573979e-01,9.895540474180873902e-01,9.885580686486280522e-01,9.874249153315713956e-01
5.623413251903493920e-02,1.000021593536556175e+00,9.951140323129382681e-01,9.938521944801054220e-01,9.927696858359976728e-01,9.915133923273216077e-01,9.903778042918313096e-01,9.892087141709426934e-01,9.881465363048010930e-01,9.869767636028895508e-01
5.754399373371572174e-02,1.000021593536556175e+00,9.950400607147880105e-01,9.937532276691504185e-01,9.926235915431111945e-01,9.912752901980718123e-01,9.900970779009988787e-01,9.888553370791380859e-01,9.876716452311500305e-01,9.865181730794508885e-01
5.888436553555889685e-02,1.000021593536556175e+00,9.949643660967729675e-01,9.936519556250319463e-01,9.924740942769881835e-01,9.910316419577633873e-01,9.897692424216683049e-01,9.884937287774617776e-01,9.871856925233862823e-01,9.859628313024576540e-01
6.025595860743578058e-02,1.000021593536556175e+00,9.948869083246048017e-01,9.935483246519714040e-01,9.922319488457974623e-01,9.907669233955125332e-01,9.893824461285815053e-01,9.880372487558845007e-01,9.866884205229516924e-01,9.853174601213114947e-01
6.165950018614822087e-02,1.000021593536556175e+00,9.948076463291474214e-01,9.934221876871773826e-01,9.919761584330756277e-01,9.904874795668516807e-01,9.889866401924255479e-01,9.875220729823755983e-01,9.861695629380492489e-01,9.846570563142247323e-01
6.309573444801933051e-02,1.000021593536556175e+00,9.947265380846417315e-01,9.932870827630735366e-01,9.917144098962447085e-01,9.902015266552468553e-01,9.885816147516540697e-01,9.869948972235510487e-01,9.854415413763302212e-01,9.839812697263573549e-01
6.456542290346556356e-02,1.000021593536556175e+00,9.946435405864229029e-01,9.931488308410153509e-01,9.914465644527659105e-01,9.899089130446794282e-01,9.881671550564170570e-01,9.864554419638457139e-01,9.846965620139936926e-01,9.832897420467153760e-01
6.606934480075961347e-02,1.000021593536556175e+00,9.945759535503724269e-01,9.930073586180038214e-01,9.911724800874397445e-01,9.895353583871189240e-01,9.875798833164121104e-01,9.858227624205537776e-01,9.839342298531209563e-01,9.822485605108902673e-01
6.760829753919818386e-02,1.000021593536556175e+00,9.945425192215260335e-01,9.928328998536174455e-01,9.908332759721527605e-01,9.890004091255759633e-01,9.869754732580225953e-01,9.850091937519570573e-01,9.831541406951097573e-01,9.811352214159569929e-01
6.918309709189365830e-02,1.000021593536556175e+00,9.945083061071158248e-01,9.926312047815302186e-01,9.904828399334287825e-01,9.884529992950131794e-01,9.863569846808086794e-01,9.841766746346429784e-01,9.821309183771746998e-01,9.799959493220795625e-01
7.079457843841380216e-02,1.000021593536556175e+00,9.944732960668958288e-01,9.924248116276856990e-01,9.901242411907598129e-01,9.878928386514927995e-01,9.857240896539398722e-01,9.833247636559556693e-01,9.810268390316913001e-01,9.788301401721138939e-01
7.244359600749902817e-02,1.000021593536556175e+00,9.944284814563105757e-01,9.922136109597019527e-01,9.897572896103460360e-01,9.873047023380137066e-01,9.848774985759944922e-01,9.824226978154909640e-01,9.798970423745362313e-01,9.774424526932232737e-01
7.413102413009177438e-02,1.000021593536556175e+00,9.943175629006999472e-01,9.919496909129005280e-01,9.892687643770312622e-01,9.865948235821057066e-01,9.839856731099692055e-01,9.812802366927013686e-01,9.787409293725672921e-01,9.759974696596632748e-01
7.585775750291839925e-02,1.000021593536556175e+00,9.942040607200297586e-01,9.915928245528196072e-01,9.887287303109254522e-01,9.858684096258160112e-01,9.830730743602479338e-01,9.801111642317976713e-01,9.773488042902277462e-01,9.745188286474566475e-01
7.762471166286918911e-02,1.000021593536556175e+00,9.940879147339412025e-01,9.912276457073680991e-01,9.881761172354865952e-01,9.851250753148498296e-01,9.821392184548940474e-01,9.789148605750864762e-01,9.757790376482444739e-01,9.730057456615668343e-01
7.943282347242817953e-02,1.000021593536556175e+00,9.939690633602953351e-01,9.908539607538884297e-01,9.876106321479471983e-01,9.843644265235163004e-01,9.809888210525904428e-01,9.776906914265339754e-01,9.741727064439869022e-01,9.710599532674143441e-01
8.128305161640994592e-02,1.000021593536556175e+00,9.938273752151606244e-01,9.904604115789934493e-01,9.869315108464270514e-01,9.833381981651848625e-01,9.797192293594410017e-01,9.760582396058902210e-01,9.725289589793881806e-01,9.688803002720958180e-01
8.317637711026712455e-02,1.000021593536556175e+00,9.936805230316277937e-01,9.899942486070515413e-01,9.861477008287414803e-01,9.822650475932139802e-01,9.784200650767832519e-01,9.743524950125469486e-01,9.706171293006020662e-01,9.666498766363825768e-01
8.511380382023767122e-02,1.000021593536556175e+00,9.935302502213174680e-01,9.895172273046025646e-01,9.853456335303644176e-01,9.811669001332540274e-01,9.770906393705182102e-01,9.726070185235580201e-01,9.682913154030535763e-01,9.643674997601398013e-01
8.709635899560809469e-02,1.000021593536556175e+00,9.933764771075965783e-01,9.890290947486378714e-01,9.845248836845975626e-01,9.800431735329860894e-01,9.754930844815195012e-01,9.708208846641847023e-01,9.659113263403429350e-01,9.616794733054473410e-01
8.912509381337459236e-02,1.000021593536556175e+00,9.931825520421451170e-01,9.885295921248150597e-01,9.836029606414208315e-01,9.786482796125354211e-01,9.735921488964484061e-01,9.685625448464957321e-01,9.634759002107663450e-01,9.585332379886106757e-01
9.120108393559100968e-02,1.000021593536556175e+00,9.929689410940519823e-01,9.878542797907159390e-01,9.824885490509418506e-01,9.771192749314477899e-01,9.716469348334679790e-01,9.660729938567700348e-01,9.607689244513418769e-01,9.553137174368254714e-01
9.332543007969915094e-02,1.000021593536556175e+00,9.927503545077938085e-01,9.871534492430427132e-01,9.813481794798882829e-01,9.755546551561263824e-01,9.696564109143341881e-01,9.635254537750582715e-01,9.576299873310640809e-01,9.520192046176798595e-01
9.549925860214364404e-02,1.000021593536556175e+00,9.925266763858693331e-01,9.864362942548324797e-01,9.801812472892189598e-01,9.739535907044560847e-01,9.675206842411206987e-01,9.609185738618881700e-01,9.544179349726739092e-01,9.482251999244368790e-01
9.772372209558111145e-02,1.000021593536556175e+00,9.922808372572322622e-01,9.857024345810176946e-01,9.789650125678919235e-01,9.721595811848492419e-01,9.650612024957082591e-01,9.580176554300100511e-01,9.511310643034943668e-01,9.442619615763859775e-01
1.000000000000000472e-01,1.000021593536556175e+00,9.920122941566674735e-01,9.848726311976021552e-01,9.775564303813161215e-01,9.701678865223269943e-01,9.625444320609851667e-01,9.549449531228560994e-01,9.475126262360087370e-01,9.402064075480872640e-01
1.023292992280754737e-01,1.000021593536556175e+00,9.917374958837341659e-01,9.839951278392220502e-01,9.761150381007415167e-01,9.681297993314050832e-01,9.599690385119536984e-01,9.518006783845804897e-01,9.437181488540603569e-01,9.358495439189783438e-01
1.047128548050899610e-01,1.000021593536556175e+00,9.914562967367507307e-01,9.830971848018889014e-01,9.746400714809019261e-01,9.660442389912774486e-01,9.573261808354504021e-01,9.485735893013083064e-01,9.398352867397447019e-01,9.313853387781645399e-01
1.071519305237606523e-01,1.000021593536556175e+00,9.910921013034722504e-01,9.821783259843185343e-01,9.731307484749721626e-01,9.638714994960303484e-01,9.545045898293451625e-01,9.451212537793844959e-01,9.358042893861947542e-01,9.267617738645357317e-01
1.096478196143185063e-01,1.000021593536556175e+00,9.905352931166933050e-01,9.810916632192946407e-01,9.713835932211066782e-01,9.615551774390300732e-01,9.516172755257151783e-01,9.415885030327980632e-01,9.316179183198144420e-01,9.218971351880178577e-01
1.122018454301963591e-01,1.000021593536556175e+00,9.899655152011178627e-01,9.798488381242199674e-01,9.695762888286072467e-01,9.591849013102363708e-01,9.486627070322987132e-01,9.379734639503414240e-01,9.273340341445006629e-01,9.169191845203592539e-01
1.148153621496882937e-01,1.000021593536556175e+00,9.893824654529531637e-01,9.785770639137995053e-01,9.677268869088444525e-01,9.567594143578713739e-01,9.454914368432293381e-01,9.340150663526406438e-01,9.227259460626852094e-01,9.117278630206588907e-01
1.174897554939529770e-01,1.000021593536556175e+00,9.887712977122226077e-01,9.772756662765127444e-01,9.658344068844405550e-01,9.541777209159618689e-01,9.417629269996620200e-01,9.299029667552266565e-01,9.178706535954979095e-01,9.063925017317762123e-01
1.202264434617413141e-01,1.000021593536556175e+00,9.879954678384539335e-01,9.758453638416513254e-01,9.636351417063963032e-01,9.505041164182380653e-01,9.379475690050897985e-01,9.256950840536324332e-01,9.128291194351799698e-01,9.005057434022285534e-01
1.230268770812381757e-01,1.000021593536556175e+00,9.872015665654243488e-01,9.741738455066666358e-01,9.612743184934144924e-01,9.467449426793063116e-01,9.339982617034033874e-01,9.203002025000751596e-01,9.071877161335737405e-01,8.943024823008581814e-01
1.258925411794167559e-01,1.000021593536556175e+00,9.863891729561704569e-01,9.724633925080080621e-01,9.588585046435565973e-01,9.428982065354916120e-01,9.292692166317881863e-01,9.147115447337749172e-01,9.014149076684104811e-01,8.872245235924651752e-01
1.288249551693134987e-01,1.000021593536556175e+00,9.855578562688472877e-01,9.707130979408551408e-01,9.563864192603420689e-01,9.392324281853547951e-01,9.244300179498243786e-01,9.091678994970741057e-01,8.944047163153979740e-01,8.797721766956680955e-01
1.318256738556407293e-01,1.000021593536556175e+00,9.845621532511260598e-01,9.688927798579610728e-01,9.531918863781319029e-01,9.356304591259974046e-01,9.201419214922400558e-01,9.036314305830160931e-01,8.873572022650575430e-01,8.717613315122711981e-01
1.348962882591654699e-01,1.000021593536556175e+00,9.835236947732224344e-01,9.668077581279893584e-01,9.492501377007038776e-01,9.319445894291447097e-01,9.158434875149022991e-01,8.980802627407610261e-01,8.808228913175211172e-01,8.640746309084196275e-01
1.380384264602885214e-01,1.000021593536556175e+00,9.824610474900092871e-01,9.646741700029562994e-01,9.452165739017601709e-01,9.280728167822162034e-01,9.112484341081829031e-01,8.926478458934528071e-01,8.741697190036039622e-01,8.563623976567671381e-01
1.412537544622753938e-01,1.000021593536556175e+00,9.813736479718309091e-01,9.624908842261965525e-01,9.413953912918191502e-01,9.238411062884083202e-01,9.058983973170965376e-01,8.870569035154661774e-01,8.674129001974868469e-01,8.483424645613738546e-01
1.445439770745927943e-01,1.000021593536556175e+00,9.802784693075672351e-01,9.602567431906918749e-01,9.380738610312643333e-01,9.195108265947335990e-01,9.004562960130567673e-01,8.810194621143674354e-01,8.602975756092927639e-01,8.402121720304345232e-01
1.479108388168207111e-01,1.000021593536556175e+00,9.791663039736311358e-01,9.579617208981731080e-01,9.346749623919903271e-01,9.150399548992437238e-01,8.952437705715925453e-01,8.748413906373178062e-01,8.528176167997678636e-01,8.319718679243475190e-01
1.513561248436208762e-01,1.000021593536556175e+00,9.780282329811567088e-01,9.556123644059507649e-01,9.312037951608459485e-01,9.103010300021243673e-01,8.899098298152566811e-01,8.680429214645346558e-01,8.459311985275751455e-01,8.237897350013891895e-01
1.548816618912481069e-01,1.000021593536556175e+00,9.768636529098396748e-01,9.532082843710905085e-01,9.277504022265005146e-01,9.054517213639574624e-01,8.838730884875630744e-01,8.612779480933785425e-01,8.390328592599496371e-01,8.165013448249518468e-01
1.584893192461114264e-01,1.000021593536556175e+00,9.757393143890329412e-01,9.507482061185358324e-01,9.242165694371927698e-01,9.007531411104386931e-01,8.775714112132320111e-01,8.550374437215865209e-01,8.323439721921529477e-01,8.097263921065136483e-01
1.621810097358929725e-01,1.000021593536556175e+00,9.746659720940458183e-01,9.486821503706173164e-01,9.206004231080024969e-01,8.962472258432168104e-01,8.723539824099689755e-01,8.488421229905240839e-01,8.255685260711540518e-01,8.020509556792188022e-01
1.659586907437561321e-01,1.000021593536556175e+00,9.735676284452667861e-01,9.467598796641351067e-01,9.185604738141746051e-01,8.916363543264574920e-01,8.671882458414433836e-01,8.429090520263811115e-01,8.187830058289237156e-01,7.942959916643180796e-01
1.698243652461744191e-01,1.000021593536556175e+00,9.724437010863552500e-01,9.447928335209253570e-01,9.164896569795855097e-01,8.884219117211674677e-01,8.625027188482472518e-01,8.371487105543056195e-01,8.125097177461478859e-01,7.880854893893077806e-01
1.737800828749376247e-01,1.000021593536556175e+00,9.713878050345666759e-01,9.427799689870857147e-01,9.143706046244532981e-01,8.856645331529792164e-01,8.581118725689623750e-01,8.323807158348695001e-01,8.070681391273762939e-01,7.820311378270633496e-01
1.778279410038922925e-01,1.000021593536556175e+00,9.705754933119049577e-01,9.410559735875037024e-01,9.122021931991706190e-01,8.828429269870871066e-01,8.537179408428763328e-01,8.275016602512391684e-01,8.016542512806589249e-01,7.766920484911952194e-01
1.819700858609984429e-01,1.000021593536556175e+00,9.697442604185576576e-01,9.396351014145880587e-01,9.101436328732934733e-01,8.803633556471153199e-01,8.506911684973473831e-01,8.234360137869908280e-01,7.970405230060335633e-01,7.712285957886402255e-01
1.862087136662867459e-01,1.000021593536556175e+00,9.688936656238421596e-01,9.381811328771167968e-01,9.080963676776999671e-01,8.780812588931805607e-01,8.475938935669387053e-01,8.196181685801271488e-01,7.923193271943220761e-01,7.664230634424208377e-01
1.905460717963248229e-01,1.000021593536556175e+00,9.680301925687889719e-01,9.366932970617256604e-01,9.060014155497086996e-01,8.757460052771725012e-01,8.444244738354843571e-01,8.157132881656737888e-01,7.882852666929274221e-01,7.615079539814679777e-01
1.949844599758045471e-01,1.000021593536556175e+00,9.672660369657263280e-01,9.351673526346868659e-01,9.038576657179717699e-01,8.733563566167131809e-01,8.411949384898269599e-01,8.121423509229582782e-01,7.843703949744945669e-01,7.568767684390645956e-01
1.995262314968880846e-01,1.000021593536556175e+00,9.664840818921003329e-01,9.335973396249580558e-01,9.016565093245108020e-01,8.700136507377694839e-01,8.378914016154247468e-01,8.084882358666128921e-01,7.802702049108937166e-01,7.523608544526599884e-01
2.041737944669529681e-01,1.000021593536556175e+00,9.656839127449804439e-01,9.319907563143129403e-01,8.993972634988475212e-01,8.657742679819417919e-01,8.345109154821079844e-01,8.046986428363519517e-01,7.755054112003244571e-01,7.475836185910504916e-01
2.089296130854040867e-01,1.000021593536556175e+00,9.648651052640934145e-01,9.303467508710145939e-01,8.970853930776067076e-01,8.614361373163073043e-01,8.308862600661082176e-01,7.997886829597352643e-01,7.706296311866351889e-01,7.420096276204000141e-01
2.137962089502232488e-01,1.000021593536556175e+00,9.638723169484421094e-01,9.286648913610979772e-01,8.947196722764898524e-01,8.584362997416508101e-01,8.269040419676045861e-01,7.947643554256139664e-01,7.657097493185971437e-01,7.363058017210974970e-01
2.187761623949553980e-01,1.000021593536556175e+00,9.628284823038594231e-01,9.269487130579624479e-01,8.922845907225056550e-01,8.559071420446592304e-01,8.228290660936720124e-01,7.900054161400679176e-01,7.607118669730736915e-01,7.298557776633773919e-01
2.238721138568340041e-01,1.000021593536556175e+00,9.617603336269581193e-01,9.251925598268596618e-01,8.897789478850709477e-01,8.533190726969549500e-01,8.188092536072195671e-01,7.853872766585366927e-01,7.555836196200786947e-01,7.231809334903800401e-01
2.290867652767774598e-01,1.000021593536556175e+00,9.606673045711708880e-01,9.233955005321009546e-01,8.872149411283654086e-01,8.505892757291360073e-01,8.151423847924632593e-01,7.806615668897104454e-01,7.503111554384322979e-01,7.183536254584780290e-01
2.344228815319922832e-01,1.000021593536556175e+00,9.596896303635116254e-01,9.215565823490613484e-01,8.845912109820682767e-01,8.477538028200019005e-01,8.113901036307104020e-01,7.762716020574752518e-01,7.449158797893022932e-01,7.139546405847020383e-01
2.398832919019492360e-01,1.000021593536556175e+00,9.590000224035178933e-01,9.196748302589792257e-01,8.819063663097265193e-01,8.448522832622830103e-01,8.075504206128215623e-01,7.720308092607656159e-01,7.393949320261244962e-01,7.093232062079805056e-01
2.454708915685031023e-01,1.000021593536556175e+00,9.582943514106352367e-01,9.179236810634313626e-01,8.791589835711569600e-01,8.418831786319038724e-01,8.036802407009520088e-01,7.676912357101780549e-01,7.347645511927771711e-01,7.035448507802422036e-01
2.511886431509582351e-01,1.000021593536556175e+00,9.575722432287625541e-01,9.164631056353907956e-01,8.769492118568696926e-01,8.387957478411023349e-01,7.997532105859277429e-01,7.639245330565360703e-01,7.302090829494382040e-01,6.979292998576694940e-01
2.570395782768864490e-01,1.000021593536556175e+00,9.568126570723763935e-01,9.149685090351795669e-01,8.747100081814084271e-01,8.354376922005330997e-01,7.957347081887482521e-01,7.601341916580409697e-01,7.255484894267666407e-01,6.933848965389092234e-01
2.630267991895381408e-01,1.000021593536556175e+00,9.560082724504673779e-01,9.134390988078967544e-01,8.724186467520195221e-01,8.320014173958496517e-01,7.923914475543172298e-01,7.562555618666094714e-01,7.212987405397532914e-01,6.887346404687243462e-01
2.691534803926916575e-01,1.000021593536556175e+00,9.551851513037694641e-01,9.118745634466668415e-01,8.700739126585432803e-01,8.284851014686659409e-01,7.890258081599055284e-01,7.522503849657419250e-01,7.169500022847195009e-01,6.835926169078725412e-01
2.754228703338166273e-01,1.000021593536556175e+00,9.543428572025554057e-01,9.102766691853676484e-01,8.677509992764211866e-01,8.250330641941181486e-01,7.855817729530600868e-01,7.481480990325439784e-01,7.124862039714896511e-01,6.780167863009078921e-01
2.818382931264454827e-01,1.000021593536556175e+00,9.534892720642377251e-01,9.086415551853743722e-01,8.653986189169617926e-01,8.216465088306672548e-01,7.819817595357207995e-01,7.439502585847704852e-01,7.076192107894604399e-01,6.726574967129193006e-01
2.884031503126605611e-01,1.000021593536556175e+00,9.526442312103100551e-01,9.069683544876012693e-01,8.629914445799481415e-01,8.181810704592772376e-01,7.782615852153670355e-01,7.395863029936694533e-01,7.026388507728119626e-01,6.676936863014449886e-01
2.951209226666386964e-01,1.000021593536556175e+00,9.517795068262948632e-01,9.052561799388906261e-01,8.605281999496838807e-01,8.156368781281408964e-01,7.744547569032861345e-01,7.351127759551012719e-01,6.978178315484865335e-01,6.626142538923729397e-01
3.019951720402015982e-01,1.000021593536556175e+00,9.508946404238778349e-01,9.037069359812884839e-01,8.582215809164500664e-01,8.134068314449646175e-01,7.709287878796490245e-01,7.306791893017060557e-01,6.934861035424533249e-01,6.577509603073850020e-01
3.090295432513592289e-01,1.000021593536556175e+00,9.499934101608666914e-01,9.021360914814153809e-01,8.560371982556344017e-01,8.111248403016112496e-01,7.676245382508859461e-01,7.272301387416832963e-01,6.890534766294130753e-01,6.527872152562077535e-01
3.162277660168379412e-01,1.000021593536556175e+00,9.492630435693255597e-01,9.005286573127325722e-01,8.538019347863623487e-01,8.087896947561712402e-01,7.642433227610264668e-01,7.237007494735901991e-01,6.850259901528571449e-01,6.483274807957238872e-01
3.235936569296284371e-01,1.000021593536556175e+00,9.485156645544056131e-01,8.988837811923667820e-01,8.515146053423549022e-01,8.062734158771209803e-01,7.608646103566116814e-01,7.200855609167884364e-01,6.812643122397304962e-01,6.441645107459597064e-01
3.311311214825911065e-01,1.000021593536556175e+00,9.477508768458602351e-01,8.973460443858379820e-01,8.492642327243138389e-01,8.035662480215645109e-01,7.576714976540602775e-01,7.163567149027236791e-01,6.774150135920108395e-01,6.399045726669615464e-01
3.388441561392027679e-01,1.000021593536556175e+00,9.469682749431234114e-01,8.958276485132976585e-01,8.471348176361215287e-01,8.007960221260457256e-01,7.544040078019766948e-01,7.125410129072369259e-01,6.732672797668416420e-01,6.354361092152167600e-01
3.467368504525316641e-01,1.000021593536556175e+00,9.462458353567665403e-01,8.942738846574191935e-01,8.449558020987175677e-01,7.979612693801267920e-01,7.510604083339912362e-01,7.086520526613332427e-01,6.688994516986819239e-01,6.308592513209314578e-01
3.548133892335756934e-01,1.000021593536556175e+00,9.455245455605268967e-01,8.926839289920396325e-01,8.427260307692211461e-01,7.952001985207008961e-01,7.483457297156498322e-01,7.049706604212633287e-01,6.644298838450466427e-01,6.262805390887127288e-01
3.630780547701014105e-01,1.000021593536556175e+00,9.447864547666313673e-01,8.911699278778483224e-01,8.405039866629566703e-01,7.927285560812408205e-01,7.458081638769640254e-01,7.012035175401631903e-01,6.604129513125425177e-01,6.218604069175732718e-01
3.715352290971727922e-01,1.000021593536556175e+00,9.440311716295710642e-01,8.897259058876682003e-01,8.386065996629094021e-01,7.901993416935175762e-01,7.432114905367857016e-01,6.973486266290128688e-01,6.563629172674099177e-01,6.173373166418912872e-01
3.801893963205612570e-01,1.000021593536556175e+00,9.432885075165107214e-01,8.882482483044177313e-01,8.366650168421164713e-01,7.876112143345848082e-01,7.405316064345320859e-01,6.941842448911944574e-01,6.523527734761281893e-01,6.132266500524412578e-01
3.890451449942808893e-01,1.000021593536556175e+00,9.425482094747545947e-01,8.867361716544869266e-01,8.346782087476664058e-01,7.849900208234067422e-01,7.374976781027132722e-01,6.910116183379406696e-01,6.488891001550219917e-01,6.094359918668368348e-01
3.981071705534973137e-01,1.000021593536556175e+00,9.417906676764263851e-01,8.852616252050371504e-01,8.326451219476089793e-01,7.826298408377159177e-01,7.343930805016812835e-01,6.877650918188723539e-01,6.453447475179844295e-01,6.055570379093764277e-01
4.073802778041130113e-01,1.000021593536556175e+00,9.410154804628374503e-01,8.839135866378419193e-01,8.307746072738102505e-01,7.802146851978372100e-01,7.312161675326933619e-01,6.845084543775289410e-01,6.417526352804072687e-01,6.017410515935086579e-01
4.168693834703355305e-01,1.000021593536556175e+00,9.402518613114940749e-01,8.825341482187069042e-01,8.288761451254386126e-01,7.777432733562819056e-01,7.283344187172468009e-01,6.815074288528024660e-01,6.382529274718307111e-01,5.979635658117286034e-01
4.265795188015930051e-01,1.000021593536556175e+00,9.395150785584430730e-01,8.811225785511231923e-01,8.269334621128994200e-01,7.752142949377787140e-01,7.258143427178064266e-01,6.784365004636940810e-01,6.346717009962838940e-01,5.940980910827927675e-01
4.365158322401661017e-01,1.000021593536556175e+00,9.387611339304126057e-01,8.797043042852237260e-01,8.249455281999453771e-01,7.728928445680631754e-01,7.232355666075642731e-01,6.752940409633235719e-01,6.310606052553167089e-01,5.902996521135088770e-01
4.466835921509634821e-01,1.000021593536556175e+00,9.379896276759813745e-01,8.784735459759929199e-01,8.230718025271307470e-01,7.705568667429374408e-01,7.205967230852923233e-01,6.724952400231796190e-01,6.278165946929649133e-01,5.865783687826406911e-01
4.570881896148751844e-01,1.000021593536556175e+00,9.372187732058743226e-01,8.772141196229658044e-01,8.212160953149688636e-01,7.681664770043632462e-01,7.179492174216972611e-01,6.701226153445678513e-01,6.244970214176257528e-01,5.827704056278721900e-01
4.677351412871981196e-01,1.000021593536556175e+00,9.365077097812772866e-01,8.759253574616194804e-01,8.193171631290386836e-01,7.657204079360603322e-01,7.154604954356075242e-01,6.676947251376320613e-01,6.211001253476087225e-01,5.791994319729354412e-01
4.786300923226385340e-01,1.000021593536556175e+00,9.357800835618199642e-01,8.746065761731971477e-01,8.173739991303600183e-01,7.635109795543760791e-01,7.129138036675067847e-01,6.652102821028474944e-01,6.185600265698534272e-01,5.761241767675421288e-01
4.897788193684461389e-01,1.000021593536556175e+00,9.350355087504494955e-01,8.734290804185264046e-01,8.155837638739086293e-01,7.613994893539550723e-01,7.103077918277103109e-01,6.626285568698514483e-01,6.161031149634802473e-01,5.729772896663883897e-01
5.011872336272724660e-01,1.000021593536556175e+00,9.342735905637453708e-01,8.722433882609625933e-01,8.139383479471972160e-01,7.592388162285946818e-01,7.076410781742458189e-01,6.599045780017833707e-01,6.135889745340251666e-01,5.697884175571398258e-01
5.128613839913648276e-01,1.000021593536556175e+00,9.337071634433313783e-01,8.710300777851254228e-01,8.122546053600063765e-01,7.570278145608041465e-01,7.053689375824148122e-01,6.571171495149685793e-01,6.110304739917556960e-01,5.669823403190993316e-01
5.248074602497728725e-01,1.000021593536556175e+00,9.331300895959332431e-01,8.697885056777403534e-01,8.105316433697292711e-01,7.549473980283812891e-01,7.030493270193439725e-01,6.542647934779270980e-01,6.084622989327068687e-01,5.641109011456137967e-01
5.370317963702526676e-01,1.000021593536556175e+00,9.325395739718623789e-01,8.686684885103135301e-01,8.088640362786689852e-01,7.530359601771899891e-01,7.006756857853332354e-01,6.515308481453181422e-01,6.058343033918320852e-01,5.611725775616256406e-01
5.495408738576248453e-01,1.000021593536556175e+00,9.319353034719182194e-01,8.675895747504464017e-01,8.073712555807194269e-01,7.510799992188855745e-01,6.982467553443814090e-01,6.491468550903837231e-01,6.031450939711097137e-01,5.586134551498106449e-01
5.623413251903490728e-01,1.000021593536556175e+00,9.313961818840847950e-01,8.664855298606991552e-01,8.058437035534956605e-01,7.490784780770779472e-01,6.961307616187096814e-01,6.467073317036234892e-01,6.003991997267814629e-01,5.562471456206199427e-01
5.754399373371572590e-01,1.000021593536556175e+00,9.308668940334732245e-01,8.653557684618573553e-01,8.042805702686932623e-01,7.471336210872285832e-01,6.940699174344134859e-01,6.442109845174465166e-01,5.979428032313083285e-01,5.538257176618316402e-01
5.888436553555890240e-01,1.000021593536556175e+00,9.303252774850430118e-01,8.643055317376096003e-01,8.027161034596712597e-01,7.454537580689664100e-01,6.919610700224406719e-01,6.417111915443821646e-01,5.954291899112278408e-01,5.513478874002911700e-01
6.025595860743581111e-01,1.000021593536556175e+00,9.297710450665310766e-01,8.633435943591577511e-01,8.014188945441944600e-01,7.437347660143871497e-01,6.898031012439793663e-01,6.396267874750689586e-01,5.928570270154857047e-01,5.488934678123876809e-01
6.165950018614821948e-01,1.000021593536556175e+00,9.292404786030045161e-01,8.623592505807750053e-01,8.000914697514629470e-01,7.419757334911498692e-01,6.878391931688431216e-01,6.374938313978594229e-01,5.902249507492683955e-01,5.465413560931420278e-01
6.309573444801935826e-01,1.000021593536556175e+00,9.287249120328382457e-01,8.613519784903607146e-01,7.987331252632809964e-01,7.401912281787413894e-01,6.860122942354278663e-01,6.353111923912080350e-01,5.880195011517905801e-01,5.441344566537764660e-01
6.456542290346556356e-01,1.000021593536556175e+00,9.281973363745329442e-01,8.603819650184311163e-01,7.973431408674213072e-01,7.386964954598943534e-01,6.841428413592589575e-01,6.330777131910232391e-01,5.858784258281504176e-01,5.416714933243491625e-01
6.606934480075964400e-01,1.000021593536556175e+00,9.276574719004910818e-01,8.595470496344395084e-01,7.961677773506932176e-01,7.371669459433652927e-01,6.822298433316761335e-01,6.312100362225219197e-01,5.836874784535240890e-01,5.392246752618919947e-01
6.760829753919819218e-01,1.000021593536556175e+00,9.271482034067047850e-01,8.586926865728536917e-01,7.949934470877847437e-01,7.356017686417547496e-01,6.804322923570008674e-01,6.293469160938690576e-01,5.814454973586130615e-01,5.372054734419113853e-01
6.918309709189369716e-01,1.000021593536556175e+00,9.267020134816342791e-01,8.578184228390692834e-01,7.937917631591271395e-01,7.340001336773397389e-01,6.788706276192540967e-01,6.274403983224411396e-01,5.794590136290194149e-01,5.351392383695247057e-01
7.079457843841380216e-01,1.000021593536556175e+00,9.262454304580833853e-01,8.569355786137491382e-01,7.925620884159955137e-01,7.326826836441319157e-01,6.772725870368258017e-01,6.254894720472803371e-01,5.776309184633497962e-01,5.330248744995466081e-01
7.244359600749905592e-01,1.000021593536556175e+00,9.257782122496892585e-01,8.561821832154463685e-01,7.914909967158200166e-01,7.313971972791590836e-01,6.756373233074467466e-01,6.237961501172090140e-01,5.757602414910977240e-01,5.308612607682664519e-01
7.413102413009177161e-01,1.000021593536556175e+00,9.253143821197035157e-01,8.554112389839465536e-01,7.904795750007123090e-01,7.300817680902098594e-01,6.740227616220280105e-01,6.222003514111502653e-01,5.738459908545713306e-01,5.291029105551885436e-01
7.585775750291843256e-01,1.000021593536556175e+00,9.249147180377379485e-01,8.546223371544134917e-01,7.894445942474019873e-01,7.287356986193165298e-01,6.726794462354215298e-01,6.205673817781495183e-01,5.720595688054901373e-01,5.273402617540509096e-01
7.762471166286919466e-01,1.000021593536556175e+00,9.245057445833961829e-01,8.538150594406548333e-01,7.883855056953941176e-01,7.275502784490499586e-01,6.713048410138842126e-01,6.188963753960926573e-01,5.704968815077671174e-01,5.255365555879947248e-01
7.943282347242821562e-01,1.000021593536556175e+00,9.240872449135395517e-01,8.531796493015735283e-01,7.874250818154409082e-01,7.264504586100444250e-01,6.698982171235324801e-01,6.173805664554320449e-01,5.688977945468810526e-01,5.236908357081357934e-01
8.128305161640995147e-01,1.000021593536556175e+00,9.236589971341033767e-01,8.525590524177114604e-01,7.865750479917835714e-01,7.253250206760187835e-01,6.684588287537609474e-01,6.160384077864994312e-01,5.672614600657587269e-01,5.221501440210065681e-01
8.317637711026708569e-01,1.000021593536556175e+00,9.233544120463150762e-01,8.519239999754241177e-01,7.857052143368333796e-01,7.241733679248832933e-01,6.673163449147372361e-01,6.146649862260518127e-01,5.656644994232423729e-01,5.207107356905844586e-01
8.511380382023767677e-01,1.000021593536556175e+00,9.230491384565391311e-01,8.512741552615007423e-01,7.848151196532729967e-01,7.231114904750401973e-01,6.661630891311391967e-01,6.132595735677984772e-01,5.643647406467710015e-01,5.192377992330330372e-01
8.709635899560804750e-01,1.000021593536556175e+00,9.227367541313929999e-01,8.507153220309124908e-01,7.839613550751004523e-01,7.221844335195933828e-01,6.649829705694760840e-01,6.119195416670705212e-01,5.630347065991525568e-01,5.177305536779458484e-01
8.912509381337458958e-01,1.000021593536556175e+00,9.224170934405726552e-01,8.501987420364075509e-01,7.832378046184176323e-01,7.212357826336396327e-01,6.637753635152657816e-01,6.108063871183276872e-01,5.616736920787297471e-01,5.163575398487173507e-01
9.120108393559096527e-01,1.000021593536556175e+00,9.221373910539606422e-01,8.496701293480781736e-01,7.824974005065324922e-01,7.202650348299221017e-01,6.627737081241195094e-01,6.096673038692737023e-01,5.602809754575887036e-01,5.151152301622550223e-01
9.332543007969914539e-01,1.000021593536556175e+00,9.218673252717757283e-01,8.491292036884801053e-01,7.817397501673846172e-01,7.193277747244856135e-01,6.618284778864724771e-01,6.085016879628922792e-01,5.592243949367518008e-01,5.138439833658554612e-01
9.549925860214358853e-01,1.000021593536556175e+00,9.215909688494111629e-01,8.486289013990778729e-01,7.809789194848177907e-01,7.185718647299967898e-01,6.608612304081964428e-01,6.073300430746461087e-01,5.581495808426175653e-01,5.125431254276405779e-01
9.772372209558111145e-01,1.000021593536556175e+00,9.213081752590337459e-01,8.481818344199935078e-01,7.803917490424163717e-01,7.177983473298414907e-01,6.598714528418753167e-01,6.064105120044702701e-01,5.570497311120854445e-01,5.113271645749184469e-01
1.000000000000000000e+00,1.000021593536556175e+00,9.210631114225847904e-01,8.477243539132164329e-01,7.797909016434326768e-01,7.170068123948553085e-01,6.589988400593415063e-01,6.054695623041750352e-01,5.559242625902700574e-01,5.103469471570077909e-01
1.023292992280754765e+00,1.000021593536556175e+00,9.208503245794085190e-01,8.472562173165263388e-01,7.791760587106224545e-01,7.161992419099137974e-01,6.582260878393852988e-01,6.045066950697741692e-01,5.549924037105279373e-01,5.093438975423483228e-01
1.047128548050899610e+00,1.000021593536556175e+00,9.206325812939365472e-01,8.468152400137264335e-01,7.785468942461245545e-01,7.155796837911578834e-01,6.574353359079347925e-01,6.035213997763150262e-01,5.541028550925167773e-01,5.083174839007573720e-01
1.071519305237607078e+00,1.000021593536556175e+00,9.204097661157970567e-01,8.464815319450815778e-01,7.780499773853678525e-01,7.149456943099242734e-01,6.566261649978489823e-01,6.027655408194324549e-01,5.531925862254130077e-01,5.072932391545303954e-01
1.096478196143185091e+00,1.000021593536556175e+00,9.202035489371023225e-01,8.461400508169698576e-01,7.775648122078738789e-01,7.142969373165981573e-01,6.558679927179499325e-01,6.020321515976393423e-01,5.522611144726143895e-01,5.064839654039515748e-01
1.122018454301964230e+00,1.000021593536556175e+00,9.200363570189911133e-01,8.457906155715769758e-01,7.770683460816456556e-01,7.136330688316344650e-01,6.552326634291274488e-01,6.012816795463641339e-01,5.514586593781053425e-01,5.056558412461472640e-01
1.148153621496882826e+00,1.000021593536556175e+00,9.198652707008220242e-01,8.454343773063106582e-01,7.765603157737716034e-01,7.130931553437626080e-01,6.545825354200849322e-01,6.005137267553917191e-01,5.507526410132235206e-01,5.048084275987279046e-01
1.174897554939530409e+00,1.000021593536556175e+00,9.196901992703644391e-01,8.451022538429711073e-01,7.761300960355036471e-01,7.125748511681877506e-01,6.539172639843461310e-01,5.998554758158091138e-01,5.500301773680182915e-01,5.039412751517604594e-01
1.202264434617413169e+00,1.000021593536556175e+00,9.195103855999475773e-01,8.447623942303639222e-01,7.757370693296377073e-01,7.120444741374520881e-01,6.532628209357072002e-01,5.992490917553303653e-01,5.492908853827022098e-01,5.032849426114922586e-01
1.230268770812382284e+00,1.000021593536556175e+00,9.193218011874527695e-01,8.444146182704236336e-01,7.753348878557460022e-01,7.115017430386335606e-01,6.527747201033676783e-01,5.986285831956116299e-01,5.486117320951426901e-01,5.026413955671257261e-01
1.258925411794167504e+00,1.000021593536556175e+00,9.191288240796934295e-01,8.440587415677330840e-01,7.749233383718874268e-01,7.110562088949150539e-01,6.522752499421081707e-01,5.979936211348012565e-01,5.480540607836694722e-01,5.019828583864226479e-01
1.288249551693134931e+00,1.000021593536556175e+00,9.189313519576527423e-01,8.438330368772738455e-01,7.745495777988284924e-01,7.106749336194243538e-01,6.517641456262380784e-01,5.974206432988454774e-01,5.474833996386428980e-01,5.013089819042526596e-01
1.318256738556407459e+00,1.000021593536556175e+00,9.187292801189975711e-01,8.436300893991741656e-01,7.742254734447489017e-01,7.102847773018846622e-01,6.512411361614837135e-01,5.969288987616212516e-01,5.468994460879703645e-01,5.007539665458491385e-01
1.348962882591654644e+00,1.000021593536556175e+00,9.186622565948093788e-01,8.434224146670336042e-01,7.738938197304514599e-01,7.098855330762523508e-01,6.508125769125820970e-01,5.964257000226872441e-01,5.463225841505497948e-01,5.002483156177359724e-01
1.380384264602885214e+00,1.000021593536556175e+00,9.186057681359045546e-01,8.432099025689604455e-01,7.735544408087471346e-01,7.095004566328537710e-01,6.503832646249055882e-01,5.959107802794116893e-01,5.458452641798747784e-01,4.997308865664574773e-01
1.412537544622755492e+00,1.000021593536556175e+00,9.185479638917625200e-01,8.430050742858734569e-01,7.732391495272334936e-01,7.091433132932143391e-01,6.499439523694262588e-01,5.954252985671403264e-01,5.453568259988075262e-01,4.992014050442817319e-01
1.445439770745927888e+00,1.000021593536556175e+00,9.184888132138079309e-01,8.428030904993374373e-01,7.730166906639243107e-01,7.087778510165215762e-01,6.494944072169711591e-01,5.950582414426801581e-01,5.448570106309589267e-01,4.987258683676684123e-01
1.479108388168208776e+00,1.000021593536556175e+00,9.183614028377018457e-01,8.425964019060208088e-01,7.727890500680293373e-01,7.084038760298388970e-01,6.491514729373710768e-01,5.946826344594534630e-01,5.443455530676053478e-01,4.983120851527493289e-01
1.513561248436208651e+00,1.000021593536556175e+00,9.182039862084852011e-01,8.423848989168954970e-01,7.725561070414913578e-01,7.080480217817995969e-01,6.488478837238818020e-01,5.942982784656658524e-01,5.440045536656137326e-01,4.978886636885992423e-01
1.548816618912481236e+00,1.000021593536556175e+00,9.180429028749392817e-01,8.421999815734563244e-01,7.723185717015991214e-01,7.078036516582240090e-01,6.485372230091861478e-01,5.939079843834690342e-01,5.436654009842546431e-01,4.974553794715532162e-01
1.584893192461114042e+00,1.000021593536556175e+00,9.178780674285484942e-01,8.420547970888162537e-01,7.720971691792303249e-01,7.075535894232464207e-01,6.482193260768610577e-01,5.935869507260341793e-01,5.433183484221065784e-01,4.970382048342973369e-01
1.621810097358929781e+00,1.000021593536556175e+00,9.177676016464858533e-01,8.419062308230961245e-01,7.718706095296169467e-01,7.072977024905596766e-01,6.479149436235518422e-01,5.932584392340948254e-01,5.429632119673073465e-01,4.966820375914248187e-01
1.659586907437561321e+00,1.000021593536556175e+00,9.177116483822460591e-01,8.417542040044954099e-01,7.716387726278340908e-01,7.070358551855251417e-01,6.476239866495052677e-01,5.929222757265096844e-01,5.426493782725299031e-01,4.963175741477133252e-01
1.698243652461744357e+00,1.000021593536556175e+00,9.176543917990543919e-01,8.416040620598278510e-01,7.714015355508876404e-01,7.068137380157717420e-01,6.473262524169082210e-01,5.925782819649372257e-01,5.423455902723410826e-01,4.959446212598209169e-01
1.737800828749376247e+00,1.000021593536556175e+00,9.175958015387123412e-01,8.414706819865727105e-01,7.712507923439854141e-01,7.065874881793681173e-01,6.470215830631296239e-01,5.923083488081499759e-01,5.420347261406088801e-01,4.955718168163257276e-01
1.778279410038922759e+00,1.000021593536556175e+00,9.175540405719986303e-01,8.413341950923008961e-01,7.711155020422768569e-01,7.063559683072717643e-01,6.467383685726040277e-01,5.920490423965419913e-01,5.417166210530558468e-01,4.953170371980242237e-01
1.819700858609984317e+00,1.000021593536556175e+00,9.175540405719986303e-01,8.411945290098542527e-01,7.709770604246150016e-01,7.061190556445816613e-01,6.465156182869438162e-01,5.917836959626899818e-01,5.414250015919630510e-01,4.950563230000402659e-01
1.862087136662867515e+00,1.000021593536556175e+00,9.175540405719986303e-01,8.410524027112068479e-01,7.708353940874215215e-01,7.059024417616290847e-01,6.462876794805990643e-01,5.915121688164026725e-01,5.411562500633766426e-01,4.947895359882552579e-01
1.905460717963248340e+00,1.000021593536556175e+00,9.175540405719986303e-01,8.410302782577138148e-01,7.706713265093548815e-01,7.056885250422224587e-01,6.460544312973977021e-01,5.912641380452213768e-01,5.408812385075093543e-01,4.945165347086640795e-01
1.949844599758045582e+00,1.000021593536556175e+00,9.175437166249628129e-01,8.410076384594963317e-01,7.704917960043753400e-01,7.054696255623219558e-01,6.458240445241544281e-01,5.910285042574355829e-01,5.405998211095941475e-01,4.942783439639972798e-01
1.995262314968880846e+00,1.000021593536556175e+00,9.174328703445091548e-01,8.409844713126336524e-01,7.703080836967290956e-01,7.052456272585257979e-01,6.456688597315192180e-01,5.907873818536498733e-01,5.403351391663874237e-01,4.940414309095937928e-01
2.041737944669529625e+00,1.000021593536556175e+00,9.173194421225003836e-01,8.409607645335980264e-01,7.701200921797188848e-01,7.050967680001546389e-01,6.455100602207070049e-01,5.905406429875740271e-01,5.401122430264209129e-01,4.937989994412428918e-01
2.089296130854040978e+00,1.000021593536556175e+00,9.172033718177921013e-01,8.408235726071866534e-01,7.699764466781776617e-01,7.050071254988301561e-01,6.453475617941153430e-01,5.903208739278710260e-01,5.398841549683868202e-01,4.935509210185710649e-01
2.137962089502232654e+00,1.000021593536556175e+00,9.170845978883721550e-01,8.406545804048740633e-01,7.698982750495073635e-01,7.049153949554143317e-01,6.451812782929273737e-01,5.901421959194816935e-01,5.396507540569774886e-01,4.933267917673142544e-01
2.187761623949553869e+00,1.000021593536556175e+00,9.170416625074528927e-01,8.404816518684974369e-01,7.698182825696938680e-01,7.048215277331586481e-01,6.450250827929404629e-01,5.899593559656222119e-01,5.394200264604077644e-01,4.931134596966887385e-01
2.238721138568339875e+00,1.000021593536556175e+00,9.170077956242633777e-01,8.403046953090578253e-01,7.697364268256654540e-01,7.046972371984882022e-01,6.448670373380561704e-01,5.897722571221288845e-01,5.392425562823055518e-01,4.928951584837888422e-01
2.290867652767774931e+00,1.000021593536556175e+00,9.169731398800251565e-01,8.401988625628760143e-01,7.696312249332305511e-01,7.045188035266671811e-01,6.447053105316111754e-01,5.895960980497930715e-01,5.390609522927147790e-01,4.926717723824220463e-01
2.344228815319922887e+00,1.000021593536556175e+00,9.169376768998038774e-01,8.401427993140037076e-01,7.694422810258793044e-01,7.043362136007057517e-01,6.445398166239120208e-01,5.894738402273893563e-01,5.388751182027963216e-01,4.924722448965021537e-01
2.398832919019492138e+00,1.000021593536556175e+00,9.168586573365447023e-01,8.400854301843081462e-01,7.692489360495524675e-01,7.041493706090082849e-01,6.443586421187434965e-01,5.893487346544720173e-01,5.386849554808559315e-01,4.923046245796156017e-01
2.454708915685031023e+00,1.000021593536556175e+00,9.167575391353898207e-01,8.400267247559174422e-01,7.690510874901846927e-01,7.039757722351784874e-01,6.441676410721175472e-01,5.892207149984104442e-01,5.385776896732790142e-01,4.921330998839816839e-01
2.511886431509582351e+00,1.000021593536556175e+00,9.166540655887559508e-01,8.399645667967600149e-01,7.688493845589405851e-01,7.038980781923891428e-01,6.439721910395870275e-01,5.890895057578774408e-01,5.384760224967823916e-01,4.919575798649364340e-01
2.570395782768864823e+00,1.000021593536556175e+00,9.165481818335990960e-01,8.398976103562142415e-01,7.688383229876799563e-01,7.038185744228607765e-01,6.437721883909574006e-01,5.889014590464471954e-01,5.383719871875283225e-01,4.917924526606654023e-01
2.630267991895383961e+00,1.000021593536556175e+00,9.164915197871632557e-01,8.398290942998156705e-01,7.688270037593253337e-01,7.037372187726426143e-01,6.436390955111400691e-01,5.887090321644190549e-01,5.382655285846189575e-01,4.916701147852560183e-01
2.691534803926916908e+00,1.000021593536556175e+00,9.164915197871632557e-01,8.397589822994442343e-01,7.688154208722720595e-01,7.036539681058917584e-01,6.435831854868974133e-01,5.885121230845132834e-01,5.381011944121009138e-01,4.915449272946590953e-01
2.754228703338166273e+00,1.000021593536556175e+00,9.164915197871632557e-01,8.396785990216014683e-01,7.688035681851200787e-01,7.034926942442660813e-01,6.435259731508916614e-01,5.883106274029292759e-01,5.379100683002027150e-01,4.914168238128099886e-01
2.818382931264455049e+00,1.000021593536556175e+00,9.164915197871632557e-01,8.395564284393968180e-01,7.687571477739668646e-01,7.033231379992895826e-01,6.434674281683849806e-01,5.882164105663573173e-01,5.377144902892554423e-01,4.912836574929898559e-01
2.884031503126605500e+00,1.000021593536556175e+00,9.164915197871632557e-01,8.394314121387640437e-01,7.687008203777081494e-01,7.031496322820077749e-01,6.433943444273353407e-01,5.881488176908468146e-01,5.375143566812088380e-01,4.910844188365023899e-01
2.951209226666386964e+00,1.000021593536556175e+00,9.164915197871632557e-01,8.393034838344055615e-01,7.686431809478432298e-01,7.029720850973926183e-01,6.432830553538509966e-01,5.880796503750088666e-01,5.373688635903927091e-01,4.908805393155273311e-01
3.019951720402016093e+00,1.000021593536556175e+00,9.164915197871632557e-01,8.391725756970411787e-01,7.685841989231833038e-01,7.029248420352509630e-01,6.431691740248370870e-01,5.880088719454170665e-01,5.372793489768267206e-01,4.906719108304440358e-01
3.090295432513591845e+00,1.000021593536556175e+00,9.164915197871632557e-01,8.391151977674830009e-01,7.684881484897729820e-01,7.029248420352509630e-01,6.430526400589055003e-01,5.878689113532220567e-01,5.371877493000579706e-01,4.904584227636680782e-01
3.162277660168379523e+00,1.000021593536556175e+00,9.164915197871632557e-01,8.390586420113359534e-01,7.683648166506445998e-01,7.029248420352509630e-01,6.429327383893518322e-01,5.876783076018418095e-01,5.370940159927253266e-01,4.903751187298179826e-01
3.235936569296284482e+00,1.000021593536556175e+00,9.164915197871632557e-01,8.390007689023976090e-01,7.682386120439395061e-01,7.029248420352509630e-01,6.427998256455842441e-01,5.874832641187519577e-01,5.369715248329730573e-01,4.903187544510327900e-01
3.311311214825911176e+00,1.000021593536556175e+00,9.164915197871632557e-01,8.389415477555793865e-01,7.681094677543045535e-01,7.028722658926660483e-01,6.426638169663021483e-01,5.872836774893160916e-01,5.367822095276967298e-01,4.902610772795369942e-01
3.388441561392027346e+00,1.000021593536556175e+00,9.164915197871632557e-01,8.389275024941801329e-01,7.680031021525421941e-01,7.027714960126311139e-01,6.425246402379034549e-01,5.871457298107390921e-01,5.365884845024758709e-01,4.902020566341307450e-01
3.467368504525316641e+00,1.000021593536556175e+00,9.164915197871632557e-01,8.389275024941801329e-01,7.679361496794621100e-01,7.026683789005583325e-01,6.423822216670443952e-01,5.871122535741990500e-01,5.363902470417380997e-01,4.900701598929690372e-01
3.548133892335756823e+00,1.000021593536556175e+00,9.164915197871632557e-01,8.389275024941801329e-01,7.678676376829434158e-01,7.025628598823899784e-01,6.423234366656840333e-01,5.870779975759397029e-01,5.362017676123641552e-01,4.898906506633142199e-01
3.630780547701013994e+00,1.000021593536556175e+00,9.164915197871632557e-01,8.389275024941801329e-01,7.677975298370186552e-01,7.024439040726809802e-01,6.422783157173145296e-01,5.870429436529772671e-01,5.361574343545334465e-01,4.897069601265587879e-01
3.715352290971727811e+00,1.000021593536556175e+00,9.164915197871632557e-01,8.389275024941801329e-01,7.677386099102094796e-01,7.022990387510525956e-01,6.422321437670429622e-01,5.869843904054462547e-01,5.361120684424702798e-01,4.895189908875486329e-01
3.801893963205612792e+00,1.000021593536556175e+00,9.164915197871632557e-01,8.389275024941801329e-01,7.677386099102094796e-01,7.021507990826058032e-01,6.421848963338901983e-01,5.868178040285509933e-01,5.360656458225676602e-01,4.893974045986704269e-01
3.890451449942808893e+00,1.000021593536556175e+00,9.164416056940317690e-01,8.389275024941801329e-01,7.677386099102094796e-01,7.019991064687062243e-01,6.420538823466622746e-01,5.866473373564646820e-01,5.360181418809379927e-01,4.893750724944092023e-01
3.981071705534972249e+00,1.000021593536556175e+00,9.163630189820611838e-01,8.389275024941801329e-01,7.677386099102094796e-01,7.018623212504155884e-01,6.418742555764437308e-01,5.864729000055012298e-01,5.358565299086698319e-01,4.893522202086157957e-01
